subject,condition,trial,landing_position
0,left,0,104
0,left,1,69
0,left,2,124
0,left,3,100
0,left,4,104
0,left,5,115
0,left,6,82
0,left,7,86
0,left,8,38
0,left,9,86
0,left,10,71
0,left,11,71
0,left,12,90
0,left,13,124
0,left,14,70
0,left,15,73
0,left,16,81
0,left,17,77
0,left,18,71
0,left,20,68
0,left,21,87
0,left,22,62
0,left,23,75
0,left,24,72
0,left,25,60
0,left,26,79
0,left,27,108
0,left,28,96
0,left,29,68
0,left,30,67
0,left,31,81
0,left,32,72
0,left,33,78
0,left,34,99
0,left,35,105
0,left,36,96
0,left,37,63
0,left,38,108
0,left,39,111
0,left,40,94
0,left,41,70
0,left,42,73
0,left,43,59
1,left,0,71
1,left,1,146
1,left,2,79
1,left,3,121
1,left,4,125
1,left,5,117
1,left,6,67
1,left,7,68
1,left,8,66
1,left,9,84
1,left,10,77
1,left,11,81
1,left,12,79
1,left,13,59
1,left,14,55
1,left,15,149
1,left,16,64
1,left,17,69
1,left,18,67
1,left,19,57
1,left,20,75
1,left,21,55
1,left,22,133
1,left,23,88
1,left,24,71
1,left,25,73
1,left,26,73
1,left,28,71
1,left,29,132
1,left,30,246
1,left,31,118
1,left,32,110
1,left,33,56
1,left,34,70
1,left,35,75
1,left,36,69
1,left,37,99
1,left,38,121
1,left,39,55
1,left,40,60
1,left,41,75
1,left,42,107
1,left,43,124
1,left,44,50
1,left,45,67
1,left,46,106
1,left,47,134
1,left,48,130
1,left,49,66
1,left,50,76
1,left,51,55
1,left,52,88
1,left,53,142
1,left,54,138
1,left,56,125
1,left,57,119
1,left,59,70
1,left,60,79
1,left,61,64
1,left,62,59
1,left,63,114
2,left,0,59
2,left,1,118
2,left,2,111
2,left,3,95
2,left,4,77
2,left,5,77
2,left,6,98
2,left,7,124
2,left,8,52
2,left,9,50
2,left,10,55
2,left,11,112
2,left,12,42
2,left,13,52
2,left,14,73
2,left,15,104
2,left,16,62
2,left,17,46
2,left,18,69
2,left,19,74
2,left,20,76
2,left,21,71
2,left,22,117
2,left,23,72
2,left,24,106
2,left,25,59
2,left,26,47
2,left,27,49
2,left,28,87
2,left,29,44
2,left,30,86
2,left,31,94
2,left,32,94
2,left,33,49
2,left,34,93
2,left,35,63
2,left,36,73
2,left,37,95
2,left,38,61
2,left,39,53
2,left,40,65
2,left,41,62
2,left,42,52
2,left,43,69
2,left,44,68
2,left,45,61
2,left,46,58
2,left,47,46
2,left,48,83
2,left,49,93
2,left,50,124
2,left,51,56
2,left,52,33
2,left,53,114
2,left,54,48
2,left,55,81
2,left,56,88
2,left,57,56
2,left,58,50
2,left,59,70
2,left,60,50
2,left,61,52
2,left,62,68
2,left,63,32
3,left,0,87
3,left,1,85
3,left,2,81
3,left,3,74
3,left,4,198
3,left,5,114
3,left,6,225
3,left,7,75
3,left,8,126
3,left,9,54
3,left,10,122
3,left,11,135
3,left,12,215
3,left,13,154
3,left,14,122
3,left,16,139
3,left,17,127
3,left,18,185
3,left,19,141
3,left,20,101
3,left,21,124
3,left,22,136
3,left,23,95
3,left,24,128
3,left,25,98
3,left,26,116
3,left,27,147
3,left,28,180
3,left,29,152
3,left,30,112
3,left,31,147
3,left,32,123
3,left,33,129
3,left,34,92
3,left,35,6
3,left,36,100
3,left,37,99
3,left,38,104
3,left,39,158
3,left,41,80
3,left,42,81
3,left,43,178
3,left,44,130
3,left,45,179
3,left,46,114
3,left,47,109
3,left,48,98
3,left,49,132
3,left,50,64
3,left,51,113
3,left,52,123
3,left,53,101
3,left,54,87
3,left,55,106
3,left,56,99
3,left,57,105
3,left,58,198
3,left,59,105
3,left,60,86
3,left,61,143
3,left,62,144
3,left,63,122
4,left,0,68
4,left,1,89
4,left,2,80
4,left,3,86
4,left,4,99
4,left,5,88
4,left,6,96
4,left,7,92
4,left,8,92
4,left,9,66
4,left,10,106
4,left,11,92
4,left,12,195
4,left,13,93
4,left,14,98
4,left,15,107
4,left,16,82
4,left,17,182
4,left,18,79
4,left,19,89
4,left,20,84
4,left,21,88
4,left,22,92
4,left,23,112
4,left,24,83
4,left,25,89
4,left,26,132
4,left,27,91
4,left,28,97
4,left,29,38
4,left,30,80
4,left,31,91
4,left,32,106
4,left,33,82
4,left,34,80
4,left,35,82
4,left,36,127
4,left,37,115
4,left,38,97
4,left,39,92
4,left,40,106
4,left,41,104
4,left,42,52
4,left,43,88
4,left,44,77
4,left,45,85
4,left,46,89
4,left,47,106
4,left,48,131
4,left,49,107
4,left,50,81
4,left,51,100
4,left,52,113
4,left,53,98
4,left,54,129
4,left,55,152
4,left,56,101
4,left,57,118
4,left,58,121
4,left,59,82
4,left,60,98
4,left,61,187
4,left,62,84
4,left,63,90
5,left,0,108
5,left,1,102
5,left,2,84
5,left,3,92
5,left,4,78
5,left,5,108
5,left,6,80
5,left,7,85
5,left,8,101
5,left,9,92
5,left,10,92
5,left,11,104
5,left,12,96
5,left,13,106
5,left,14,100
5,left,15,95
5,left,16,93
5,left,17,94
5,left,18,13
5,left,20,104
5,left,21,100
5,left,22,90
5,left,23,46
5,left,24,94
5,left,25,91
5,left,27,88
5,left,28,80
5,left,29,88
5,left,30,106
5,left,31,82
5,left,33,85
5,left,34,83
5,left,35,124
5,left,36,94
5,left,37,138
5,left,38,91
5,left,39,86
5,left,40,98
5,left,41,81
5,left,42,102
5,left,43,79
5,left,44,87
5,left,45,77
5,left,46,91
5,left,47,81
5,left,48,61
5,left,49,38
5,left,50,86
5,left,51,116
5,left,52,79
5,left,53,101
5,left,54,89
5,left,55,114
5,left,56,93
5,left,58,101
5,left,59,154
5,left,60,85
5,left,61,73
5,left,62,86
5,left,63,59
6,left,0,104
6,left,1,96
6,left,2,144
6,left,3,114
6,left,4,91
6,left,6,122
6,left,8,91
6,left,9,70
6,left,10,80
6,left,11,95
7,left,0,88
7,left,1,47
7,left,2,75
7,left,3,74
7,left,4,79
7,left,5,185
7,left,6,105
7,left,7,69
7,left,8,106
7,left,9,60
7,left,10,95
7,left,11,98
7,left,12,87
7,left,13,99
7,left,14,116
7,left,15,80
7,left,16,75
7,left,17,70
7,left,18,86
7,left,19,98
7,left,20,64
7,left,21,55
7,left,22,76
7,left,23,126
7,left,24,107
7,left,25,101
7,left,26,124
7,left,27,114
7,left,28,78
7,left,29,106
7,left,30,132
7,left,31,84
7,left,32,47
7,left,33,98
7,left,34,88
7,left,35,92
7,left,37,89
7,left,38,113
7,left,39,88
7,left,40,90
7,left,41,52
7,left,42,104
7,left,43,83
7,left,44,80
7,left,45,38
7,left,46,234
7,left,47,135
7,left,48,75
7,left,49,114
7,left,50,83
7,left,51,53
7,left,52,108
7,left,53,143
7,left,54,122
7,left,55,116
7,left,56,42
7,left,57,97
7,left,58,81
7,left,59,96
7,left,60,100
7,left,61,92
7,left,62,79
7,left,63,177
8,left,0,73
8,left,1,125
8,left,2,115
8,left,3,96
8,left,4,99
8,left,5,68
8,left,6,128
8,left,7,92
8,left,8,102
8,left,9,60
8,left,10,56
8,left,11,109
8,left,12,118
8,left,13,99
8,left,14,60
8,left,15,145
8,left,16,84
8,left,17,138
8,left,18,117
8,left,19,63
8,left,20,137
8,left,21,87
8,left,22,103
8,left,23,97
8,left,24,221
8,left,25,110
8,left,26,47
8,left,27,57
8,left,28,80
8,left,29,79
8,left,30,56
8,left,31,99
8,left,32,80
8,left,33,117
8,left,34,87
8,left,35,70
8,left,36,67
8,left,37,71
8,left,38,108
8,left,39,35
8,left,40,57
8,left,41,124
8,left,42,67
8,left,43,90
8,left,44,61
8,left,45,68
8,left,46,115
8,left,47,66
8,left,48,87
8,left,49,51
8,left,50,206
8,left,51,131
8,left,52,66
8,left,53,56
8,left,54,72
8,left,55,84
8,left,56,46
8,left,57,69
8,left,58,52
8,left,59,113
8,left,60,72
8,left,61,125
8,left,62,41
8,left,63,110
9,left,0,24
9,left,1,116
9,left,2,108
9,left,3,108
9,left,4,120
9,left,5,109
9,left,6,110
9,left,7,14
9,left,8,107
9,left,9,97
9,left,10,105
9,left,11,88
9,left,12,103
9,left,13,89
9,left,14,84
9,left,15,73
9,left,16,94
9,left,17,89
9,left,18,74
10,left,0,81
10,left,1,93
10,left,2,50
10,left,3,57
10,left,4,89
10,left,5,62
10,left,6,39
10,left,7,60
10,left,8,45
10,left,9,116
10,left,10,79
10,left,11,65
10,left,12,92
10,left,14,102
10,left,15,93
10,left,16,111
10,left,17,58
10,left,18,62
10,left,19,80
10,left,20,44
10,left,21,108
10,left,22,90
10,left,23,77
10,left,24,48
10,left,25,67
10,left,26,126
10,left,27,71
10,left,28,86
10,left,29,49
10,left,30,70
10,left,31,117
10,left,32,54
10,left,33,147
10,left,34,104
10,left,35,114
10,left,36,125
10,left,37,115
10,left,38,137
10,left,39,133
10,left,40,52
10,left,41,49
10,left,42,63
10,left,43,182
10,left,45,64
10,left,46,168
10,left,47,63
10,left,48,54
10,left,49,186
10,left,51,152
10,left,53,84
10,left,54,96
10,left,55,109
10,left,56,68
10,left,57,69
10,left,58,93
10,left,59,90
10,left,60,155
10,left,61,71
10,left,62,158
10,left,63,57
11,left,0,120
11,left,1,102
11,left,2,47
11,left,3,109
11,left,4,66
11,left,5,96
11,left,6,86
11,left,7,104
11,left,8,40
11,left,9,82
11,left,10,46
11,left,11,94
11,left,12,104
11,left,13,95
11,left,14,106
11,left,15,103
11,left,16,72
11,left,17,107
11,left,18,103
11,left,19,99
11,left,20,109
11,left,21,86
11,left,22,84
11,left,23,121
11,left,24,78
11,left,25,110
11,left,26,80
11,left,27,93
11,left,28,89
11,left,29,112
11,left,30,105
11,left,31,66
11,left,32,67
11,left,33,114
11,left,34,112
11,left,35,35
11,left,36,71
11,left,37,98
11,left,38,92
11,left,39,79
11,left,40,98
11,left,41,69
11,left,42,97
11,left,43,80
11,left,44,78
11,left,45,69
11,left,46,85
11,left,47,79
11,left,48,81
11,left,49,80
11,left,50,61
11,left,51,67
11,left,52,72
11,left,53,75
11,left,54,66
11,left,55,82
11,left,56,101
11,left,57,185
11,left,58,66
11,left,59,92
11,left,60,96
11,left,61,92
11,left,62,76
11,left,63,82
12,left,0,90
12,left,1,90
12,left,2,92
12,left,3,118
12,left,4,112
12,left,5,84
12,left,6,103
12,left,7,106
12,left,8,80
12,left,9,145
12,left,10,55
12,left,11,109
12,left,12,55
12,left,13,115
12,left,14,118
12,left,15,103
12,left,16,74
12,left,17,104
12,left,18,53
12,left,19,104
12,left,20,104
12,left,21,56
12,left,22,102
12,left,23,115
12,left,24,93
12,left,25,107
12,left,27,105
12,left,28,103
12,left,29,62
12,left,30,54
12,left,31,91
12,left,32,135
12,left,33,60
12,left,34,71
12,left,35,74
12,left,36,61
12,left,37,112
12,left,38,109
12,left,39,147
12,left,40,129
12,left,41,110
12,left,42,96
12,left,43,117
12,left,44,112
12,left,45,88
12,left,46,108
12,left,47,102
12,left,48,65
12,left,49,92
12,left,50,65
12,left,51,110
12,left,52,67
12,left,53,106
12,left,54,97
12,left,55,85
12,left,56,41
12,left,58,173
12,left,59,49
12,left,60,96
12,left,61,134
12,left,62,99
12,left,63,98
13,left,0,63
13,left,1,119
13,left,2,108
13,left,3,80
13,left,4,120
13,left,5,242
13,left,6,112
13,left,7,103
13,left,8,112
13,left,9,90
13,left,10,97
13,left,11,103
13,left,12,92
13,left,13,127
13,left,14,116
13,left,15,128
13,left,16,78
13,left,17,194
13,left,18,84
13,left,19,112
13,left,20,65
13,left,21,103
13,left,22,98
13,left,23,83
13,left,24,89
13,left,25,128
13,left,26,105
13,left,27,65
13,left,28,70
13,left,29,66
13,left,30,92
13,left,31,96
13,left,32,97
13,left,33,87
13,left,34,138
13,left,36,89
13,left,37,74
13,left,38,97
13,left,39,88
13,left,40,97
13,left,42,92
13,left,43,82
13,left,44,102
13,left,45,106
13,left,47,132
13,left,48,171
13,left,49,106
13,left,50,123
13,left,51,101
13,left,52,107
13,left,53,168
13,left,54,176
13,left,55,49
13,left,56,224
13,left,57,84
13,left,58,87
13,left,59,109
13,left,60,122
13,left,61,94
13,left,62,98
13,left,63,90
14,left,0,90
14,left,1,125
14,left,2,95
14,left,3,95
14,left,4,86
14,left,5,99
14,left,6,90
14,left,8,82
14,left,9,75
14,left,10,81
14,left,11,97
14,left,12,96
14,left,13,82
14,left,14,87
14,left,15,119
14,left,16,108
14,left,17,80
14,left,18,90
14,left,19,50
14,left,20,76
14,left,21,81
14,left,23,85
14,left,24,105
14,left,25,102
14,left,26,99
14,left,27,86
14,left,28,84
14,left,29,61
14,left,30,104
14,left,31,88
14,left,32,87
14,left,33,99
14,left,34,106
14,left,35,91
14,left,36,190
14,left,37,94
14,left,38,86
14,left,39,95
14,left,40,77
14,left,41,81
14,left,42,89
14,left,43,103
14,left,44,84
14,left,45,94
14,left,46,103
14,left,47,101
14,left,48,47
14,left,49,91
14,left,50,89
14,left,51,72
14,left,52,103
14,left,53,84
14,left,54,72
14,left,55,71
14,left,56,74
14,left,57,94
14,left,58,76
14,left,59,106
14,left,60,84
14,left,61,73
14,left,62,137
14,left,63,95
15,left,0,129
15,left,2,113
15,left,3,80
15,left,4,79
15,left,5,92
15,left,6,85
15,left,7,110
15,left,8,78
15,left,9,107
15,left,10,94
15,left,11,87
15,left,12,73
15,left,14,80
15,left,15,89
15,left,16,110
15,left,17,114
15,left,18,87
15,left,19,91
15,left,20,92
15,left,21,113
15,left,22,108
15,left,23,73
15,left,24,115
15,left,25,117
15,left,27,92
15,left,28,104
15,left,29,76
15,left,30,89
15,left,31,81
15,left,32,77
15,left,33,92
15,left,36,94
15,left,37,96
15,left,38,99
15,left,39,84
15,left,42,94
15,left,43,113
15,left,44,63
15,left,45,115
15,left,46,73
15,left,47,115
15,left,48,97
15,left,49,67
15,left,51,100
15,left,52,80
15,left,53,78
15,left,54,80
15,left,55,70
15,left,56,85
15,left,57,82
15,left,58,112
15,left,59,190
15,left,60,100
15,left,61,86
15,left,62,101
15,left,63,88
16,left,0,108
16,left,1,60
16,left,2,92
16,left,3,49
16,left,4,58
16,left,5,71
16,left,6,128
16,left,7,60
16,left,8,90
16,left,9,117
16,left,10,64
16,left,11,81
16,left,12,98
16,left,13,146
16,left,14,123
16,left,15,70
16,left,16,104
16,left,17,104
16,left,18,117
16,left,19,84
16,left,20,127
16,left,21,62
16,left,22,99
16,left,24,88
16,left,25,63
16,left,26,62
16,left,27,93
16,left,28,104
16,left,29,111
16,left,30,110
16,left,31,204
16,left,32,80
16,left,33,102
16,left,34,96
16,left,35,116
16,left,36,98
16,left,38,122
16,left,39,98
16,left,40,81
16,left,43,159
16,left,44,98
16,left,45,124
16,left,47,172
16,left,48,74
16,left,49,87
16,left,50,70
16,left,51,92
16,left,52,139
16,left,53,86
16,left,54,113
16,left,55,67
16,left,56,135
16,left,57,142
16,left,58,115
16,left,59,156
16,left,60,97
16,left,61,88
16,left,62,120
16,left,63,65
17,left,0,111
17,left,1,87
17,left,2,101
17,left,3,85
17,left,4,77
17,left,5,81
17,left,6,86
17,left,7,97
17,left,8,66
17,left,9,112
17,left,10,115
17,left,11,128
17,left,12,83
17,left,13,96
17,left,14,104
17,left,15,108
17,left,16,102
17,left,17,96
17,left,18,73
17,left,19,92
17,left,20,84
17,left,21,129
17,left,22,110
17,left,23,88
17,left,24,91
17,left,26,106
17,left,27,112
17,left,28,148
17,left,30,84
17,left,31,96
17,left,32,102
17,left,33,100
17,left,34,136
17,left,35,110
17,left,36,104
17,left,37,102
17,left,38,97
17,left,39,86
17,left,40,75
17,left,41,82
17,left,42,100
17,left,43,98
17,left,44,88
17,left,45,80
17,left,46,102
17,left,47,118
17,left,48,81
17,left,49,87
17,left,50,84
17,left,51,120
17,left,52,70
17,left,53,93
17,left,54,84
17,left,55,63
17,left,56,152
17,left,57,108
17,left,58,90
17,left,59,99
17,left,60,121
17,left,61,124
17,left,62,100
17,left,63,101
18,left,0,132
18,left,1,106
18,left,2,94
18,left,3,191
18,left,4,141
18,left,5,185
18,left,6,182
18,left,7,120
18,left,8,87
18,left,9,102
18,left,10,89
18,left,11,86
18,left,12,78
18,left,13,96
18,left,14,89
18,left,15,85
18,left,16,107
18,left,17,99
18,left,18,103
18,left,19,90
18,left,20,131
18,left,21,114
18,left,22,95
18,left,23,116
18,left,24,84
18,left,25,69
18,left,26,111
18,left,27,78
18,left,28,106
18,left,29,92
18,left,30,89
18,left,31,80
18,left,32,96
18,left,33,100
18,left,34,91
18,left,35,88
18,left,36,108
18,left,37,73
18,left,38,85
18,left,39,70
18,left,40,102
18,left,41,126
18,left,42,81
18,left,43,80
18,left,45,79
18,left,47,69
18,left,48,122
18,left,49,116
18,left,50,110
18,left,51,96
18,left,52,121
18,left,53,128
18,left,54,94
18,left,55,109
18,left,56,74
18,left,57,55
18,left,58,122
18,left,59,94
18,left,60,78
18,left,61,101
18,left,62,72
18,left,63,121
19,left,0,142
19,left,1,138
19,left,2,142
19,left,3,57
19,left,4,134
19,left,5,146
19,left,6,140
19,left,7,167
19,left,8,142
19,left,9,183
19,left,10,84
19,left,11,144
19,left,12,140
19,left,13,134
19,left,14,45
19,left,15,130
19,left,16,141
19,left,17,153
19,left,18,151
19,left,19,146
19,left,20,135
19,left,21,150
19,left,22,142
19,left,23,128
19,left,24,142
19,left,25,135
19,left,27,142
19,left,28,143
19,left,29,121
19,left,30,100
19,left,31,84
19,left,32,111
19,left,33,127
19,left,34,170
19,left,35,135
19,left,36,113
19,left,37,110
19,left,38,135
19,left,39,120
19,left,40,136
19,left,41,150
19,left,42,143
19,left,43,125
19,left,44,141
19,left,45,140
19,left,46,96
19,left,47,116
19,left,48,102
19,left,49,125
19,left,50,84
19,left,51,133
19,left,52,150
19,left,53,126
19,left,54,144
19,left,55,116
19,left,56,80
19,left,57,104
19,left,58,158
19,left,59,108
19,left,60,113
19,left,61,52
19,left,62,148
19,left,63,148
20,left,0,102
20,left,1,146
20,left,2,102
20,left,3,139
20,left,4,99
20,left,5,78
20,left,6,83
20,left,7,105
20,left,8,150
20,left,9,137
20,left,10,92
20,left,11,123
20,left,12,136
20,left,13,95
20,left,14,84
20,left,15,135
20,left,16,121
20,left,17,188
20,left,18,125
20,left,19,194
20,left,20,77
20,left,22,117
20,left,23,104
20,left,24,120
20,left,25,99
20,left,26,65
20,left,27,103
20,left,28,45
20,left,29,102
20,left,31,94
20,left,32,77
20,left,33,128
20,left,34,141
20,left,36,97
20,left,37,112
20,left,38,82
20,left,39,107
20,left,40,125
20,left,41,46
20,left,42,55
20,left,43,178
20,left,44,94
20,left,45,87
20,left,46,174
20,left,47,106
20,left,48,91
20,left,49,90
20,left,51,102
20,left,52,93
20,left,53,109
20,left,54,136
20,left,56,93
20,left,57,103
20,left,58,82
20,left,59,154
20,left,60,99
20,left,61,105
20,left,62,108
20,left,63,102
21,left,0,116
21,left,1,90
21,left,2,110
21,left,3,109
21,left,4,115
21,left,5,132
21,left,6,170
21,left,7,109
21,left,8,165
21,left,9,91
21,left,10,143
21,left,11,81
21,left,12,107
21,left,13,105
21,left,14,109
21,left,15,121
21,left,16,98
21,left,17,126
21,left,18,125
21,left,19,71
21,left,20,96
21,left,21,123
21,left,22,133
21,left,23,81
21,left,24,118
21,left,25,87
21,left,26,131
21,left,27,114
21,left,28,116
21,left,29,90
21,left,30,105
21,left,31,91
21,left,32,102
21,left,33,120
21,left,34,108
21,left,35,104
21,left,36,114
21,left,37,134
21,left,38,89
21,left,40,114
21,left,41,130
21,left,42,131
21,left,43,118
21,left,44,104
21,left,45,120
21,left,46,95
21,left,47,93
21,left,48,83
21,left,49,124
21,left,50,146
21,left,52,83
21,left,53,120
21,left,54,98
21,left,55,95
21,left,57,62
21,left,58,89
21,left,59,113
21,left,60,84
21,left,61,83
21,left,62,67
21,left,63,103
22,left,1,72
22,left,2,75
22,left,3,70
22,left,4,110
22,left,5,98
22,left,6,175
22,left,7,80
22,left,8,77
22,left,9,86
22,left,10,141
22,left,11,104
22,left,12,84
22,left,13,91
22,left,14,103
22,left,15,73
22,left,16,123
22,left,17,97
22,left,18,82
22,left,19,77
22,left,20,124
22,left,21,102
22,left,22,91
22,left,23,84
22,left,24,90
22,left,25,116
22,left,26,96
22,left,27,150
22,left,28,87
22,left,29,107
22,left,30,76
22,left,31,83
22,left,32,78
22,left,33,122
22,left,34,65
22,left,35,75
22,left,36,93
22,left,37,132
22,left,38,60
22,left,39,133
22,left,40,82
22,left,41,86
22,left,42,107
22,left,43,85
22,left,44,100
22,left,45,97
22,left,47,72
22,left,48,85
22,left,49,84
22,left,50,125
22,left,51,85
22,left,52,89
22,left,53,70
22,left,55,62
22,left,56,75
22,left,57,86
22,left,58,77
22,left,59,138
22,left,60,99
22,left,61,84
22,left,62,60
22,left,63,83
23,left,0,75
23,left,1,92
23,left,2,84
23,left,3,44
23,left,4,95
23,left,5,62
23,left,6,88
23,left,7,101
23,left,8,40
23,left,9,100
23,left,10,200
23,left,11,98
23,left,12,114
23,left,13,78
23,left,14,93
23,left,15,64
23,left,16,71
23,left,17,87
23,left,18,96
23,left,19,170
23,left,20,247
23,left,21,71
23,left,22,90
23,left,23,83
23,left,24,97
23,left,25,78
23,left,26,101
23,left,27,91
23,left,28,97
23,left,29,84
23,left,30,97
23,left,31,102
23,left,32,80
23,left,33,84
23,left,34,112
23,left,36,90
23,left,37,103
23,left,38,76
23,left,39,89
23,left,40,79
23,left,41,116
23,left,43,77
23,left,44,100
23,left,45,89
23,left,46,86
23,left,47,98
23,left,48,89
23,left,49,65
23,left,50,83
23,left,51,97
23,left,52,116
23,left,53,95
23,left,55,146
23,left,56,94
23,left,57,176
23,left,58,115
23,left,59,82
23,left,60,86
23,left,61,70
23,left,62,88
23,left,63,113
24,left,0,95
24,left,2,124
24,left,3,128
24,left,4,93
24,left,6,99
24,left,7,95
24,left,8,91
24,left,9,98
24,left,10,179
24,left,11,172
24,left,12,113
24,left,14,92
24,left,15,66
24,left,16,75
24,left,17,97
24,left,18,81
24,left,19,70
24,left,20,57
24,left,21,65
24,left,22,127
24,left,24,81
24,left,25,126
24,left,26,85
24,left,27,103
24,left,28,74
24,left,29,186
24,left,30,61
24,left,31,53
24,left,32,78
24,left,33,103
24,left,34,100
24,left,35,94
24,left,36,131
24,left,37,79
24,left,38,76
24,left,39,104
24,left,40,66
24,left,41,81
24,left,42,62
24,left,43,55
24,left,44,61
24,left,45,52
24,left,46,94
24,left,47,56
24,left,48,84
24,left,49,60
24,left,50,58
24,left,51,68
24,left,52,58
24,left,53,104
24,left,54,56
24,left,55,88
24,left,56,82
24,left,57,65
24,left,58,72
24,left,59,81
24,left,60,51
24,left,61,68
24,left,62,64
24,left,63,109
25,left,0,72
25,left,1,96
25,left,2,108
25,left,3,111
25,left,4,115
25,left,5,129
25,left,6,96
25,left,7,83
25,left,8,121
25,left,11,103
25,left,12,104
25,left,13,105
25,left,14,83
25,left,15,164
25,left,16,128
25,left,18,80
25,left,19,81
25,left,20,63
25,left,21,97
25,left,22,112
25,left,23,94
25,left,24,104
25,left,25,112
25,left,26,91
25,left,27,108
25,left,28,109
25,left,29,75
25,left,30,136
25,left,31,149
25,left,32,90
25,left,33,135
25,left,34,104
25,left,35,90
25,left,36,67
25,left,37,94
25,left,38,62
25,left,39,96
25,left,40,80
25,left,41,71
25,left,42,138
25,left,43,75
25,left,44,112
25,left,45,90
25,left,46,119
25,left,47,72
26,left,0,82
26,left,1,111
26,left,2,74
26,left,3,93
26,left,5,117
26,left,6,117
26,left,8,78
26,left,10,94
26,left,11,95
26,left,12,69
26,left,13,109
26,left,14,109
26,left,15,128
26,left,16,97
26,left,17,115
26,left,18,135
26,left,19,85
26,left,20,101
26,left,21,62
26,left,22,123
26,left,23,180
26,left,24,90
26,left,25,100
26,left,26,147
26,left,27,101
26,left,28,89
26,left,29,107
26,left,30,85
26,left,31,131
26,left,33,131
26,left,34,139
26,left,35,122
26,left,36,99
26,left,37,158
26,left,38,94
26,left,39,114
26,left,40,178
26,left,41,92
26,left,42,145
26,left,43,93
26,left,44,40
26,left,45,91
26,left,46,110
26,left,47,116
26,left,48,232
26,left,49,102
26,left,50,95
26,left,51,126
26,left,52,126
26,left,53,104
26,left,54,49
26,left,55,84
26,left,56,89
26,left,57,87
26,left,58,90
26,left,59,110
26,left,60,56
26,left,61,106
26,left,62,113
26,left,63,83
27,left,0,100
27,left,1,113
27,left,2,106
27,left,4,50
27,left,5,44
27,left,6,105
27,left,7,37
27,left,8,139
27,left,9,112
27,left,10,65
27,left,11,109
27,left,12,106
27,left,13,130
27,left,14,82
27,left,15,116
27,left,16,126
27,left,17,110
27,left,18,70
27,left,19,78
27,left,20,99
27,left,21,64
27,left,22,98
27,left,23,76
27,left,24,66
27,left,25,57
27,left,26,51
27,left,27,94
27,left,28,94
27,left,29,114
27,left,30,98
27,left,31,103
27,left,32,100
27,left,33,129
27,left,34,63
27,left,35,104
27,left,36,109
27,left,37,120
27,left,38,120
27,left,39,108
27,left,40,98
27,left,41,101
27,left,42,108
27,left,43,120
27,left,44,99
27,left,45,111
27,left,46,92
27,left,47,54
27,left,48,92
27,left,49,121
27,left,50,100
27,left,51,112
27,left,52,79
27,left,53,104
27,left,54,78
27,left,55,103
27,left,56,194
27,left,57,103
27,left,58,182
27,left,59,84
27,left,60,74
27,left,61,180
27,left,62,100
27,left,63,67
28,left,0,118
28,left,1,82
28,left,2,194
28,left,3,38
28,left,4,139
28,left,5,92
28,left,6,144
28,left,7,45
28,left,8,170
28,left,9,242
28,left,10,115
28,left,11,114
28,left,12,121
28,left,13,124
28,left,14,113
28,left,15,111
28,left,16,133
28,left,19,122
28,left,20,130
28,left,21,104
28,left,22,113
28,left,23,134
28,left,24,120
28,left,25,49
28,left,26,104
28,left,27,90
28,left,28,96
28,left,29,120
28,left,30,104
28,left,31,133
28,left,32,106
28,left,33,123
28,left,34,186
28,left,35,100
28,left,36,111
28,left,37,86
28,left,39,83
28,left,40,104
28,left,41,112
28,left,42,142
28,left,43,105
28,left,44,121
28,left,45,118
28,left,46,132
28,left,47,72
28,left,48,116
28,left,49,118
28,left,50,123
28,left,51,112
28,left,52,126
28,left,53,114
28,left,54,98
28,left,55,123
28,left,56,113
28,left,59,105
28,left,60,100
28,left,61,97
28,left,62,108
28,left,63,99
29,left,0,83
29,left,1,59
29,left,2,158
29,left,4,148
29,left,6,112
29,left,8,119
29,left,9,115
29,left,10,144
29,left,11,148
29,left,12,81
29,left,13,93
29,left,14,100
29,left,15,95
29,left,16,77
29,left,17,88
29,left,18,142
29,left,19,141
29,left,20,85
29,left,21,118
29,left,22,129
29,left,23,80
29,left,24,129
29,left,25,143
29,left,26,119
29,left,27,148
29,left,28,213
29,left,29,128
29,left,30,122
29,left,31,144
29,left,32,106
29,left,33,120
29,left,34,175
29,left,35,106
29,left,36,109
29,left,37,110
29,left,38,121
29,left,39,107
29,left,40,117
29,left,41,73
29,left,42,176
29,left,43,111
29,left,44,112
29,left,45,132
29,left,46,106
29,left,47,115
29,left,48,130
29,left,49,184
29,left,50,134
29,left,51,208
29,left,52,132
29,left,53,160
29,left,54,93
29,left,55,150
29,left,56,81
29,left,57,91
29,left,60,131
29,left,61,109
29,left,62,131
29,left,63,124
30,left,0,65
30,left,1,50
30,left,2,51
30,left,3,110
30,left,4,99
30,left,5,72
30,left,6,121
30,left,7,59
30,left,8,55
30,left,9,48
30,left,10,68
30,left,11,44
30,left,12,76
30,left,13,77
30,left,14,69
30,left,15,69
30,left,16,95
30,left,17,84
30,left,18,186
30,left,19,83
30,left,20,83
30,left,21,87
30,left,22,67
30,left,23,67
30,left,24,45
30,left,25,62
30,left,26,82
30,left,27,83
30,left,28,66
30,left,29,67
30,left,30,53
30,left,31,46
30,left,32,53
30,left,33,72
30,left,34,68
30,left,35,94
30,left,36,50
30,left,37,53
30,left,38,72
30,left,39,57
30,left,40,48
30,left,41,61
30,left,42,185
30,left,43,71
30,left,44,71
30,left,45,32
30,left,46,54
30,left,47,55
30,left,48,66
30,left,49,70
30,left,50,78
30,left,51,100
30,left,52,56
30,left,53,65
30,left,54,37
30,left,55,54
30,left,56,40
30,left,57,45
30,left,58,62
30,left,59,66
30,left,60,39
30,left,61,82
30,left,62,74
30,left,63,43
31,left,0,122
31,left,1,93
31,left,2,120
31,left,3,79
31,left,4,109
31,left,5,90
31,left,7,112
31,left,8,90
31,left,9,146
31,left,10,56
31,left,11,71
31,left,12,74
31,left,13,84
31,left,14,84
31,left,15,92
31,left,16,106
31,left,17,94
31,left,18,83
31,left,19,93
31,left,20,109
31,left,21,99
31,left,22,78
31,left,23,100
31,left,24,116
31,left,25,73
31,left,26,66
31,left,27,71
31,left,28,101
31,left,29,75
31,left,30,90
31,left,31,77
31,left,32,79
31,left,33,85
31,left,34,69
31,left,35,117
31,left,36,92
31,left,37,95
31,left,38,150
31,left,39,107
31,left,40,75
31,left,41,78
31,left,42,88
31,left,43,203
31,left,44,136
31,left,45,97
31,left,46,57
31,left,47,92
31,left,49,107
31,left,50,91
31,left,51,116
31,left,52,105
31,left,53,89
31,left,54,119
31,left,55,98
31,left,56,80
31,left,57,131
31,left,58,80
31,left,59,149
31,left,60,98
31,left,61,109
31,left,62,111
31,left,63,85
32,left,0,99
32,left,1,107
32,left,2,127
32,left,3,117
32,left,4,106
32,left,5,105
32,left,6,123
32,left,7,124
32,left,8,102
32,left,9,76
32,left,10,137
32,left,11,96
32,left,12,95
32,left,13,96
32,left,14,82
32,left,15,79
32,left,16,94
32,left,17,123
32,left,18,92
32,left,19,114
32,left,20,109
32,left,21,119
32,left,22,94
32,left,23,2
32,left,24,114
32,left,25,56
32,left,26,108
32,left,27,122
32,left,28,138
32,left,29,103
32,left,30,104
32,left,31,100
32,left,32,118
32,left,33,113
32,left,34,120
32,left,35,116
32,left,36,111
32,left,37,114
32,left,38,91
32,left,39,144
32,left,40,141
32,left,41,153
32,left,42,105
32,left,43,102
32,left,44,101
32,left,45,100
32,left,46,152
32,left,47,102
32,left,48,105
32,left,49,132
32,left,50,90
32,left,51,112
32,left,52,99
32,left,53,107
32,left,54,177
32,left,55,107
32,left,56,130
32,left,57,102
32,left,58,154
32,left,59,134
32,left,61,97
32,left,62,114
32,left,63,107
33,left,0,79
33,left,1,152
33,left,2,97
33,left,6,140
33,left,7,128
33,left,8,41
33,left,9,131
33,left,10,129
33,left,12,83
33,left,13,118
33,left,14,168
33,left,15,93
33,left,16,72
33,left,17,85
33,left,18,90
33,left,19,98
33,left,20,127
33,left,21,108
33,left,22,96
33,left,23,117
33,left,24,74
33,left,25,104
33,left,26,96
33,left,27,132
33,left,28,167
33,left,29,146
33,left,30,90
33,left,31,126
33,left,32,148
33,left,33,118
33,left,34,105
33,left,35,136
33,left,36,126
33,left,37,127
33,left,38,86
33,left,39,112
33,left,40,94
33,left,41,117
33,left,42,104
33,left,43,113
33,left,44,86
33,left,45,102
33,left,46,88
33,left,47,89
33,left,48,132
33,left,49,95
33,left,50,144
33,left,51,86
33,left,52,83
33,left,53,94
33,left,54,100
33,left,55,207
33,left,56,67
33,left,57,150
33,left,58,106
33,left,59,132
33,left,60,134
33,left,61,115
33,left,63,77
34,left,0,84
34,left,1,70
34,left,2,93
34,left,3,80
34,left,4,79
34,left,5,118
34,left,6,81
34,left,7,79
34,left,8,80
34,left,9,84
34,left,10,102
34,left,11,81
34,left,12,69
34,left,13,110
34,left,14,93
34,left,15,43
34,left,17,93
34,left,18,108
34,left,19,77
34,left,20,84
34,left,21,78
34,left,22,91
34,left,23,117
34,left,24,88
34,left,25,95
34,left,26,93
34,left,27,90
34,left,28,71
34,left,29,55
34,left,30,96
34,left,31,76
34,left,32,86
34,left,33,95
34,left,34,91
34,left,35,74
34,left,36,78
34,left,37,89
34,left,38,83
34,left,39,95
34,left,40,58
34,left,41,54
34,left,42,41
34,left,43,90
34,left,44,13
34,left,45,20
34,left,46,179
34,left,47,39
34,left,48,100
34,left,49,90
34,left,50,81
34,left,51,121
34,left,52,162
34,left,53,119
34,left,54,98
34,left,56,104
34,left,57,94
34,left,58,129
34,left,59,77
34,left,60,88
34,left,61,176
34,left,62,107
34,left,63,91
35,left,0,104
35,left,1,88
35,left,2,74
35,left,3,80
35,left,4,96
35,left,5,97
35,left,6,100
35,left,7,97
35,left,8,70
35,left,9,114
35,left,10,73
35,left,11,60
35,left,12,113
35,left,13,95
35,left,14,111
35,left,15,116
35,left,16,94
35,left,17,75
35,left,18,92
35,left,19,116
35,left,20,99
35,left,21,96
35,left,22,179
35,left,23,92
35,left,24,112
35,left,25,86
35,left,26,100
35,left,27,94
35,left,28,86
35,left,29,94
35,left,30,124
35,left,31,176
35,left,32,98
35,left,33,101
35,left,34,82
35,left,35,87
35,left,36,119
35,left,37,67
35,left,38,98
35,left,39,104
35,left,40,99
35,left,41,71
35,left,42,91
35,left,43,108
35,left,44,136
35,left,45,163
35,left,46,92
35,left,47,95
35,left,48,79
35,left,50,100
35,left,51,110
35,left,52,126
35,left,53,115
35,left,54,231
35,left,55,111
35,left,56,99
35,left,57,82
35,left,58,88
35,left,59,102
35,left,60,92
35,left,61,92
35,left,62,91
36,left,0,93
36,left,1,71
36,left,2,48
36,left,3,75
36,left,4,92
36,left,5,88
36,left,6,75
36,left,8,52
36,left,10,71
36,left,11,64
36,left,12,80
36,left,13,65
36,left,14,69
36,left,15,117
36,left,16,94
36,left,17,93
36,left,18,171
36,left,19,75
36,left,20,92
36,left,21,178
36,left,22,95
36,left,23,85
36,left,24,65
36,left,25,82
36,left,26,108
36,left,27,104
36,left,28,95
36,left,29,127
36,left,30,77
36,left,32,74
36,left,33,113
36,left,34,56
36,left,35,117
36,left,36,72
36,left,37,91
36,left,39,57
36,left,40,109
36,left,42,58
36,left,43,68
36,left,44,78
36,left,45,62
36,left,46,76
36,left,48,106
36,left,50,63
36,left,51,83
36,left,53,67
36,left,55,61
36,left,60,101
36,left,63,96
37,left,0,110
37,left,1,78
37,left,2,125
37,left,3,84
37,left,4,113
37,left,6,165
37,left,7,71
37,left,8,134
37,left,9,100
37,left,10,148
37,left,11,82
37,left,12,81
37,left,13,78
37,left,14,185
37,left,15,79
37,left,16,97
37,left,17,105
37,left,18,81
37,left,19,145
37,left,20,73
37,left,21,94
37,left,22,91
37,left,23,87
37,left,24,71
37,left,25,148
37,left,26,137
37,left,27,98
37,left,28,52
37,left,29,84
37,left,30,41
37,left,31,186
37,left,32,68
37,left,33,113
37,left,34,87
37,left,35,94
37,left,36,179
37,left,38,180
37,left,39,74
37,left,40,146
37,left,42,90
37,left,43,86
37,left,44,75
37,left,45,149
37,left,46,83
37,left,47,52
37,left,48,94
37,left,49,118
37,left,50,89
37,left,51,76
37,left,52,88
37,left,53,78
37,left,54,82
37,left,55,90
37,left,56,74
37,left,57,97
37,left,58,115
37,left,59,87
37,left,60,103
37,left,61,118
37,left,62,145
37,left,63,102
38,left,0,26
38,left,1,36
38,left,2,6
38,left,3,128
38,left,4,45
38,left,6,86
38,left,7,61
38,left,8,82
38,left,9,78
38,left,10,67
38,left,11,81
38,left,12,53
38,left,13,91
38,left,14,60
38,left,15,92
38,left,16,76
38,left,17,70
38,left,18,72
38,left,19,116
38,left,20,156
38,left,21,222
38,left,23,74
38,left,24,86
38,left,25,92
38,left,26,45
38,left,28,77
38,left,29,75
38,left,30,60
38,left,31,179
38,left,32,69
38,left,33,74
38,left,34,59
38,left,35,101
38,left,36,145
38,left,37,82
38,left,38,79
38,left,39,104
38,left,40,86
38,left,41,143
38,left,42,70
38,left,43,106
38,left,44,39
38,left,45,216
38,left,46,76
38,left,47,74
38,left,48,109
38,left,49,74
38,left,50,46
38,left,52,54
38,left,53,98
38,left,54,106
38,left,55,68
38,left,56,72
38,left,57,40
38,left,58,76
38,left,59,88
38,left,60,109
38,left,61,95
39,left,0,91
39,left,1,49
39,left,2,103
39,left,3,75
39,left,4,69
39,left,5,90
39,left,6,68
39,left,7,74
39,left,8,87
39,left,9,67
39,left,10,72
39,left,11,62
39,left,12,194
39,left,13,70
39,left,14,59
39,left,15,60
39,left,16,144
39,left,17,64
39,left,18,69
39,left,19,65
39,left,20,55
39,left,21,63
39,left,22,78
39,left,23,72
39,left,24,96
39,left,25,116
39,left,26,87
39,left,28,87
39,left,29,161
39,left,30,78
39,left,31,84
39,left,33,108
39,left,34,57
39,left,35,61
39,left,36,58
39,left,37,105
39,left,38,77
39,left,39,59
39,left,40,56
39,left,41,57
39,left,42,60
39,left,43,81
39,left,44,85
39,left,45,66
39,left,46,70
39,left,47,78
39,left,48,73
39,left,49,75
39,left,51,59
39,left,52,168
39,left,53,67
39,left,54,82
39,left,55,75
39,left,56,60
39,left,57,109
39,left,58,66
39,left,59,80
39,left,60,80
39,left,61,62
39,left,62,74
39,left,63,69
40,right,0,99
40,right,1,132
40,right,2,98
40,right,3,165
40,right,4,124
40,right,5,133
40,right,6,110
40,right,7,114
40,right,8,109
40,right,9,145
40,right,10,173
40,right,11,119
40,right,12,156
40,right,13,138
40,right,14,113
40,right,15,99
40,right,16,160
40,right,17,108
40,right,18,104
40,right,19,74
40,right,20,65
40,right,21,149
40,right,22,130
40,right,23,123
40,right,24,99
40,right,25,128
40,right,26,116
40,right,27,144
40,right,28,174
40,right,29,106
40,right,31,122
40,right,33,123
40,right,35,110
40,right,36,151
40,right,37,142
40,right,38,79
40,right,39,116
40,right,40,117
40,right,41,174
40,right,42,126
40,right,43,69
40,right,44,160
40,right,45,78
40,right,46,102
40,right,47,113
40,right,48,118
40,right,49,99
40,right,50,136
40,right,51,91
40,right,52,112
40,right,53,106
40,right,54,138
40,right,55,241
40,right,56,127
40,right,57,141
40,right,58,149
40,right,59,105
40,right,60,117
40,right,61,91
40,right,62,117
40,right,63,98
41,right,0,124
41,right,1,126
41,right,2,114
41,right,3,120
41,right,4,185
41,right,5,154
41,right,6,133
41,right,7,94
41,right,8,138
41,right,9,101
41,right,10,88
41,right,11,119
41,right,12,132
41,right,13,119
41,right,14,130
41,right,15,118
41,right,16,131
41,right,17,115
41,right,18,136
41,right,19,136
41,right,20,201
41,right,21,149
41,right,22,100
41,right,23,110
41,right,24,87
41,right,25,218
41,right,26,191
41,right,27,141
41,right,28,136
41,right,29,128
41,right,30,139
41,right,31,138
41,right,32,112
41,right,33,128
41,right,34,206
41,right,35,149
41,right,36,175
41,right,37,132
41,right,38,127
41,right,39,73
41,right,40,136
41,right,42,111
41,right,44,148
41,right,45,113
41,right,46,126
41,right,47,136
41,right,48,124
41,right,49,154
41,right,51,113
41,right,52,128
41,right,53,126
41,right,54,120
41,right,55,137
41,right,56,166
41,right,57,173
41,right,59,126
41,right,60,58
41,right,61,150
41,right,62,82
41,right,63,147
42,right,0,101
42,right,1,190
42,right,3,135
42,right,4,104
42,right,5,86
42,right,6,105
42,right,7,112
42,right,8,151
42,right,9,90
42,right,10,102
42,right,11,117
42,right,12,134
42,right,13,155
42,right,14,124
42,right,15,106
42,right,16,149
42,right,17,123
42,right,18,85
42,right,19,118
42,right,20,82
42,right,21,102
42,right,22,70
42,right,23,118
42,right,24,141
42,right,25,100
42,right,26,164
42,right,27,123
42,right,28,110
42,right,29,123
42,right,30,133
42,right,31,144
42,right,32,99
42,right,33,157
42,right,34,194
42,right,35,135
42,right,36,137
42,right,37,132
42,right,38,127
42,right,39,168
42,right,40,103
42,right,41,117
42,right,42,103
42,right,43,116
42,right,44,201
42,right,45,113
42,right,46,137
42,right,47,157
42,right,48,182
42,right,49,113
42,right,50,133
42,right,51,134
42,right,52,160
42,right,54,122
42,right,55,127
42,right,56,112
42,right,57,154
42,right,58,102
42,right,59,128
42,right,60,98
42,right,61,127
42,right,62,132
42,right,63,125
43,right,0,130
43,right,1,68
43,right,2,62
43,right,3,133
43,right,4,65
43,right,6,134
43,right,8,104
43,right,9,88
43,right,10,101
43,right,11,96
43,right,12,88
43,right,13,98
43,right,14,110
43,right,15,87
43,right,16,88
43,right,17,86
43,right,18,85
43,right,19,104
43,right,20,104
43,right,21,110
43,right,22,108
43,right,23,94
43,right,24,98
43,right,25,113
43,right,26,69
43,right,27,110
43,right,28,119
43,right,29,76
43,right,30,104
43,right,31,99
43,right,32,103
43,right,33,102
43,right,34,94
43,right,35,168
43,right,36,108
43,right,37,103
43,right,38,123
43,right,39,100
43,right,40,94
43,right,41,104
43,right,42,96
43,right,43,165
43,right,44,114
43,right,45,86
43,right,46,100
43,right,47,100
43,right,48,121
43,right,49,96
43,right,50,85
43,right,51,119
43,right,52,107
43,right,53,90
43,right,54,164
43,right,55,114
43,right,56,90
43,right,57,118
43,right,58,76
43,right,59,171
43,right,60,78
43,right,61,87
43,right,62,91
43,right,63,92
44,right,0,113
44,right,1,133
44,right,2,116
44,right,3,120
44,right,4,140
44,right,5,108
44,right,6,129
44,right,7,119
44,right,8,219
44,right,9,185
44,right,10,123
44,right,11,146
44,right,12,149
44,right,14,134
44,right,16,127
44,right,17,132
44,right,18,198
44,right,19,131
44,right,22,143
44,right,23,128
44,right,24,110
44,right,25,132
44,right,26,122
44,right,27,127
44,right,29,122
44,right,30,118
44,right,31,136
44,right,33,122
44,right,36,151
44,right,37,123
44,right,38,119
44,right,40,133
44,right,41,43
44,right,42,107
44,right,43,120
44,right,44,100
44,right,45,146
44,right,46,139
44,right,47,136
44,right,48,138
44,right,49,106
44,right,51,96
44,right,52,161
44,right,53,138
44,right,55,162
44,right,56,132
44,right,57,154
44,right,58,140
44,right,59,118
44,right,60,164
44,right,61,153
44,right,62,127
44,right,63,155
45,right,0,81
45,right,1,194
45,right,2,79
45,right,3,75
45,right,4,130
45,right,5,126
45,right,6,81
45,right,7,126
45,right,8,89
45,right,9,116
45,right,10,139
45,right,11,92
45,right,12,114
45,right,13,128
45,right,14,136
45,right,15,183
45,right,16,157
45,right,17,140
45,right,18,156
45,right,19,114
45,right,20,163
45,right,21,119
45,right,22,122
45,right,23,128
45,right,24,145
45,right,26,177
45,right,27,118
45,right,28,154
45,right,29,150
45,right,30,137
45,right,31,140
45,right,32,108
45,right,33,118
45,right,34,151
45,right,35,65
45,right,36,151
45,right,37,185
45,right,38,148
45,right,39,131
45,right,40,199
45,right,41,95
45,right,42,156
45,right,43,170
45,right,44,115
45,right,45,132
45,right,46,124
45,right,47,84
45,right,48,42
45,right,49,163
45,right,50,175
45,right,51,136
45,right,52,117
45,right,53,164
45,right,54,104
45,right,55,125
45,right,56,121
45,right,57,142
45,right,58,189
45,right,59,146
45,right,60,118
45,right,61,185
45,right,62,162
45,right,63,150
46,right,0,106
46,right,1,126
46,right,2,63
46,right,3,122
46,right,4,134
46,right,5,108
46,right,6,42
46,right,7,225
46,right,8,112
46,right,10,107
46,right,11,102
46,right,12,138
46,right,13,137
46,right,14,99
46,right,15,122
46,right,16,121
46,right,17,115
46,right,18,98
46,right,19,97
46,right,20,147
46,right,21,112
46,right,22,118
46,right,23,115
46,right,24,128
46,right,25,116
46,right,26,154
46,right,27,123
46,right,28,64
46,right,29,140
46,right,30,130
46,right,31,96
46,right,32,133
46,right,33,108
46,right,34,115
46,right,35,111
46,right,36,127
46,right,37,123
46,right,38,172
46,right,39,174
46,right,40,104
46,right,41,118
46,right,42,126
46,right,43,103
46,right,44,105
46,right,45,142
46,right,46,119
46,right,47,170
46,right,48,122
46,right,49,166
46,right,50,120
46,right,51,102
46,right,52,104
46,right,53,123
46,right,54,106
46,right,55,163
46,right,56,105
46,right,57,140
46,right,58,150
46,right,59,116
46,right,60,113
46,right,61,114
46,right,62,164
46,right,63,120
47,right,0,106
47,right,1,69
47,right,2,116
47,right,3,132
47,right,4,146
47,right,6,135
47,right,9,104
47,right,10,142
47,right,11,167
47,right,12,176
47,right,13,151
47,right,14,140
47,right,15,89
47,right,16,216
47,right,17,222
47,right,18,140
47,right,20,151
47,right,21,159
47,right,22,136
47,right,23,164
47,right,24,162
47,right,25,165
47,right,26,127
47,right,27,158
47,right,28,189
47,right,29,42
47,right,30,111
47,right,31,187
47,right,33,176
47,right,34,161
47,right,35,151
47,right,36,190
47,right,37,164
47,right,38,138
47,right,39,147
47,right,40,64
47,right,41,145
47,right,42,145
47,right,43,173
47,right,45,184
47,right,46,106
47,right,47,90
47,right,48,166
47,right,50,93
47,right,51,148
47,right,53,168
47,right,54,160
47,right,55,131
47,right,56,194
47,right,57,111
47,right,58,126
47,right,59,150
47,right,60,103
47,right,61,150
47,right,62,150
47,right,63,129
48,right,0,138
48,right,1,124
48,right,2,149
48,right,3,147
48,right,4,138
48,right,5,113
48,right,6,111
48,right,7,124
48,right,8,26
48,right,9,85
48,right,10,109
48,right,11,163
48,right,12,149
48,right,13,121
48,right,14,145
48,right,15,172
48,right,16,163
48,right,17,138
48,right,18,130
48,right,19,130
48,right,20,160
48,right,21,122
48,right,22,124
48,right,23,164
48,right,24,158
48,right,25,188
48,right,26,164
48,right,27,176
48,right,28,190
48,right,29,120
48,right,31,116
48,right,32,127
48,right,33,160
48,right,34,118
48,right,35,117
48,right,36,120
48,right,37,171
48,right,38,130
48,right,39,88
48,right,40,134
48,right,41,140
48,right,42,173
48,right,43,111
48,right,44,183
48,right,45,140
48,right,46,140
48,right,47,148
48,right,48,103
48,right,49,147
48,right,50,181
48,right,51,136
48,right,52,187
48,right,53,124
48,right,54,128
48,right,55,149
48,right,56,70
48,right,57,172
48,right,58,118
48,right,60,125
48,right,61,113
48,right,62,108
48,right,63,117
49,right,0,126
49,right,1,133
49,right,2,167
49,right,3,122
49,right,4,120
49,right,5,131
49,right,6,119
49,right,7,158
49,right,8,125
49,right,11,136
49,right,12,116
49,right,13,158
49,right,14,134
49,right,15,164
49,right,16,120
49,right,17,148
49,right,18,139
49,right,19,152
49,right,20,152
49,right,21,159
49,right,22,120
49,right,23,123
49,right,24,124
49,right,25,140
49,right,26,177
49,right,27,182
49,right,28,143
49,right,29,137
49,right,30,139
49,right,31,122
49,right,32,145
49,right,33,140
49,right,34,118
49,right,35,98
49,right,36,148
49,right,37,150
49,right,38,111
49,right,39,42
49,right,40,168
49,right,41,113
49,right,42,123
49,right,43,146
49,right,44,153
49,right,45,124
49,right,46,87
49,right,47,138
49,right,48,94
49,right,49,179
49,right,50,137
49,right,51,127
49,right,52,107
49,right,53,145
49,right,54,136
49,right,55,130
49,right,56,101
49,right,57,120
49,right,58,122
49,right,59,145
49,right,60,162
49,right,61,147
49,right,62,110
49,right,63,164
50,right,0,126
50,right,1,96
50,right,2,110
50,right,4,139
50,right,5,125
50,right,6,99
50,right,8,119
50,right,9,160
50,right,10,175
50,right,11,211
50,right,12,104
50,right,13,114
50,right,14,111
50,right,15,114
50,right,16,115
50,right,17,113
50,right,18,119
50,right,19,111
50,right,20,134
50,right,21,129
50,right,22,124
50,right,24,133
50,right,25,121
50,right,26,127
50,right,27,167
50,right,28,208
50,right,29,166
50,right,30,129
50,right,31,122
50,right,32,108
50,right,33,136
50,right,34,120
50,right,35,185
50,right,36,122
50,right,37,109
50,right,38,156
50,right,39,143
50,right,40,167
50,right,41,96
50,right,42,110
50,right,43,175
50,right,44,120
50,right,45,94
50,right,46,105
50,right,47,137
50,right,48,116
50,right,49,126
50,right,50,82
50,right,51,134
50,right,52,164
50,right,53,69
50,right,54,176
50,right,56,100
50,right,57,183
50,right,58,125
50,right,59,169
50,right,60,148
50,right,61,123
50,right,62,176
50,right,63,126
51,right,0,95
51,right,1,120
51,right,2,168
51,right,3,125
51,right,4,110
51,right,5,123
51,right,6,107
51,right,7,118
51,right,8,101
51,right,9,100
51,right,10,114
51,right,11,61
51,right,12,73
51,right,13,117
51,right,14,118
51,right,15,74
51,right,16,118
51,right,17,92
51,right,18,53
51,right,19,126
51,right,20,126
51,right,21,111
51,right,22,121
51,right,23,108
51,right,24,127
51,right,25,111
51,right,26,146
51,right,27,127
51,right,28,79
51,right,29,113
51,right,30,114
51,right,31,141
51,right,32,101
51,right,33,141
51,right,34,114
51,right,35,70
51,right,36,98
51,right,37,94
51,right,38,122
51,right,39,138
51,right,40,110
51,right,41,100
51,right,42,120
51,right,43,62
51,right,44,96
51,right,45,135
51,right,46,114
51,right,47,145
51,right,48,118
51,right,49,104
51,right,50,143
51,right,51,72
51,right,52,126
51,right,53,138
51,right,54,138
51,right,55,101
51,right,56,115
51,right,57,129
51,right,58,111
51,right,59,116
51,right,60,131
51,right,61,133
51,right,62,100
51,right,63,128
52,right,0,96
52,right,1,70
52,right,2,77
52,right,3,96
52,right,4,82
52,right,5,107
52,right,6,103
52,right,7,89
52,right,8,77
52,right,9,81
52,right,10,137
52,right,12,81
52,right,13,96
52,right,14,62
52,right,15,92
52,right,16,98
52,right,17,141
52,right,18,75
52,right,19,154
52,right,20,80
52,right,21,130
52,right,22,98
52,right,24,85
52,right,25,102
52,right,28,97
52,right,29,76
52,right,30,92
52,right,31,112
52,right,32,109
52,right,33,83
52,right,34,99
52,right,35,73
52,right,36,93
52,right,37,73
52,right,38,84
52,right,39,85
52,right,40,93
52,right,41,142
52,right,42,129
52,right,43,137
52,right,44,149
52,right,45,122
52,right,46,184
52,right,47,145
52,right,48,109
52,right,49,100
52,right,50,71
52,right,51,160
52,right,52,93
52,right,53,108
52,right,54,114
52,right,55,152
52,right,56,150
52,right,57,178
52,right,58,126
52,right,59,105
52,right,60,29
52,right,61,127
52,right,62,115
52,right,63,110
53,right,0,85
53,right,1,102
53,right,2,139
53,right,3,148
53,right,4,168
53,right,5,166
53,right,6,154
53,right,7,150
53,right,8,134
53,right,9,157
53,right,10,163
53,right,11,165
53,right,12,148
53,right,13,167
53,right,15,148
53,right,16,149
53,right,17,156
53,right,18,5
53,right,19,172
53,right,20,171
53,right,21,124
53,right,22,159
53,right,23,144
53,right,24,134
53,right,25,150
53,right,26,146
53,right,27,157
53,right,28,152
53,right,29,155
53,right,30,150
53,right,31,147
53,right,32,146
53,right,33,151
53,right,34,98
53,right,35,63
53,right,36,146
53,right,37,161
53,right,38,143
53,right,39,186
53,right,40,162
53,right,41,156
53,right,42,165
53,right,43,136
53,right,44,158
53,right,45,120
53,right,46,152
53,right,47,160
53,right,48,179
53,right,49,154
53,right,50,149
53,right,51,144
53,right,52,154
53,right,53,148
53,right,54,192
53,right,55,162
53,right,56,161
53,right,57,145
53,right,58,173
53,right,59,155
53,right,60,159
53,right,61,159
53,right,62,158
53,right,63,148
54,right,0,59
54,right,1,114
54,right,2,116
54,right,3,128
54,right,4,114
54,right,5,148
54,right,6,141
54,right,7,141
54,right,8,102
54,right,9,133
54,right,10,126
54,right,11,126
54,right,12,111
54,right,13,128
54,right,14,149
54,right,15,92
54,right,16,103
54,right,17,110
54,right,18,86
54,right,19,196
54,right,20,162
54,right,21,142
54,right,22,144
54,right,23,162
54,right,24,116
54,right,25,141
54,right,26,131
54,right,27,101
54,right,28,124
54,right,29,148
54,right,30,159
54,right,31,98
54,right,32,139
54,right,33,149
54,right,34,157
54,right,35,128
54,right,36,160
54,right,37,172
54,right,38,82
54,right,39,144
54,right,40,135
54,right,41,154
54,right,42,132
54,right,43,134
54,right,44,126
54,right,45,140
54,right,46,115
54,right,47,109
54,right,48,123
54,right,49,144
54,right,50,166
54,right,51,158
54,right,52,151
54,right,53,124
54,right,54,127
54,right,55,131
54,right,56,166
54,right,57,139
54,right,58,192
54,right,59,134
54,right,60,122
54,right,61,125
54,right,62,85
54,right,63,130
55,right,0,94
55,right,1,96
55,right,2,124
55,right,3,84
55,right,5,138
55,right,7,130
55,right,8,117
55,right,9,132
55,right,11,67
55,right,12,13
55,right,13,158
55,right,14,127
55,right,15,138
55,right,16,146
55,right,17,129
55,right,18,149
55,right,19,121
55,right,20,152
55,right,22,198
55,right,24,152
55,right,26,177
55,right,27,159
55,right,28,167
55,right,29,164
55,right,30,96
55,right,31,102
55,right,32,155
55,right,33,171
55,right,34,190
55,right,35,136
55,right,36,92
55,right,37,150
55,right,38,180
55,right,39,117
55,right,40,112
55,right,41,132
55,right,43,80
55,right,44,136
55,right,45,162
55,right,46,162
55,right,47,158
55,right,48,155
55,right,49,104
55,right,50,136
55,right,51,142
55,right,52,143
55,right,53,141
55,right,54,112
55,right,55,93
55,right,57,44
55,right,58,147
55,right,59,164
55,right,60,99
55,right,61,141
55,right,62,134
55,right,63,139
56,right,0,116
56,right,1,88
56,right,2,166
56,right,3,76
56,right,4,86
56,right,5,69
56,right,6,146
56,right,7,136
56,right,9,120
56,right,10,166
56,right,11,157
56,right,12,154
56,right,14,102
56,right,15,174
56,right,16,158
56,right,17,139
56,right,18,122
56,right,19,157
56,right,20,193
56,right,23,85
56,right,24,124
56,right,25,164
56,right,26,174
56,right,28,160
56,right,29,195
56,right,30,122
56,right,31,122
56,right,32,145
56,right,33,150
56,right,34,112
56,right,35,123
56,right,36,183
56,right,38,160
56,right,40,130
56,right,41,179
56,right,42,155
56,right,44,132
56,right,45,182
56,right,46,113
56,right,47,145
56,right,48,92
56,right,49,123
56,right,50,182
56,right,51,136
56,right,52,133
56,right,53,142
56,right,55,106
56,right,56,108
56,right,57,163
56,right,58,131
56,right,59,128
56,right,60,53
56,right,61,155
56,right,62,131
56,right,63,190
57,right,0,88
57,right,1,120
57,right,2,129
57,right,3,135
57,right,4,187
57,right,5,133
57,right,6,174
57,right,7,144
57,right,8,170
57,right,9,150
57,right,10,156
57,right,11,164
57,right,12,112
57,right,13,192
57,right,14,122
57,right,15,137
57,right,16,127
57,right,17,166
57,right,18,157
57,right,19,169
57,right,20,188
57,right,21,159
57,right,22,154
57,right,23,152
57,right,24,156
57,right,25,73
57,right,26,168
57,right,27,144
57,right,28,155
57,right,29,145
57,right,30,112
57,right,31,128
57,right,32,161
57,right,33,142
57,right,34,167
57,right,35,163
57,right,36,170
57,right,37,175
57,right,38,156
57,right,39,137
57,right,40,90
57,right,41,168
57,right,42,115
57,right,43,54
57,right,44,174
57,right,45,183
57,right,46,165
57,right,47,146
57,right,48,112
57,right,49,135
57,right,50,139
57,right,51,135
57,right,52,122
57,right,53,132
57,right,54,176
57,right,55,157
57,right,56,177
57,right,57,141
57,right,58,149
57,right,59,129
57,right,60,166
57,right,61,135
57,right,62,131
57,right,63,121
58,right,0,147
58,right,1,149
58,right,2,150
58,right,3,150
58,right,4,201
58,right,5,157
58,right,6,139
58,right,7,175
58,right,8,136
58,right,9,155
58,right,10,178
58,right,11,193
58,right,12,189
58,right,13,158
58,right,14,149
58,right,15,163
58,right,16,150
58,right,17,124
58,right,18,117
58,right,19,136
58,right,20,131
58,right,21,138
58,right,22,155
58,right,23,155
58,right,24,132
58,right,25,138
58,right,26,151
58,right,27,172
58,right,28,163
58,right,29,149
58,right,30,190
58,right,31,151
58,right,32,144
58,right,33,195
58,right,34,164
58,right,35,146
58,right,36,140
58,right,37,152
58,right,38,148
58,right,39,167
58,right,40,158
58,right,41,146
58,right,42,196
58,right,43,150
58,right,44,165
58,right,45,132
58,right,46,175
58,right,47,200
58,right,48,164
58,right,49,152
58,right,50,163
58,right,51,143
58,right,52,171
58,right,53,161
58,right,54,151
58,right,55,144
58,right,56,124
58,right,57,163
58,right,58,155
58,right,59,146
58,right,60,152
58,right,61,152
58,right,62,165
58,right,63,144
59,right,0,72
59,right,1,40
59,right,2,57
59,right,3,95
59,right,4,104
59,right,5,90
59,right,6,120
59,right,7,148
59,right,8,60
59,right,9,55
59,right,10,105
59,right,11,55
59,right,12,48
59,right,13,170
59,right,14,102
59,right,15,138
59,right,16,79
59,right,17,89
59,right,18,106
59,right,19,61
59,right,20,71
59,right,21,81
59,right,22,120
59,right,23,92
59,right,24,50
59,right,25,84
59,right,26,54
59,right,27,36
59,right,28,131
59,right,29,130
59,right,30,43
59,right,31,78
59,right,32,113
59,right,33,75
59,right,34,49
59,right,35,122
59,right,36,109
59,right,37,100
59,right,38,89
59,right,39,141
59,right,40,109
59,right,41,117
59,right,43,97
59,right,44,130
59,right,45,72
59,right,46,105
59,right,47,79
59,right,48,61
59,right,49,67
59,right,50,98
59,right,51,81
59,right,52,90
59,right,53,100
59,right,54,154
59,right,55,150
59,right,56,126
59,right,57,105
59,right,58,115
59,right,59,153
59,right,60,81
59,right,61,99
59,right,62,96
59,right,63,68
60,right,0,76
60,right,1,103
60,right,2,119
60,right,3,96
60,right,4,100
60,right,5,101
60,right,6,88
60,right,7,155
60,right,8,130
60,right,9,103
60,right,10,117
60,right,11,112
60,right,12,123
60,right,13,143
60,right,14,113
60,right,15,108
60,right,16,92
60,right,17,147
60,right,18,121
60,right,19,128
60,right,20,114
60,right,21,112
60,right,22,118
60,right,23,111
60,right,24,109
60,right,25,100
60,right,26,98
60,right,27,141
60,right,28,107
60,right,29,105
60,right,30,112
60,right,31,144
60,right,32,106
60,right,33,92
60,right,34,110
60,right,35,91
60,right,36,89
60,right,37,106
60,right,38,105
60,right,39,122
60,right,40,101
60,right,41,70
60,right,42,69
60,right,43,102
60,right,44,103
60,right,45,86
60,right,46,117
60,right,47,116
60,right,48,125
60,right,49,79
60,right,50,111
60,right,51,85
60,right,52,50
60,right,53,98
60,right,54,71
60,right,55,169
60,right,56,122
60,right,57,101
60,right,58,192
60,right,59,92
60,right,60,90
60,right,61,105
60,right,62,77
60,right,63,97
61,right,0,87
61,right,1,172
61,right,2,108
61,right,3,100
61,right,4,160
61,right,5,66
61,right,6,86
61,right,7,181
61,right,8,28
61,right,9,59
61,right,10,68
61,right,11,215
61,right,12,59
61,right,13,232
61,right,14,134
61,right,15,139
61,right,16,92
61,right,17,186
61,right,18,114
61,right,20,82
61,right,21,83
61,right,22,215
61,right,23,199
61,right,24,78
61,right,25,129
61,right,26,75
61,right,27,114
61,right,28,93
61,right,29,115
61,right,30,93
61,right,31,202
61,right,32,55
61,right,33,90
61,right,34,107
61,right,35,100
61,right,36,95
61,right,37,90
61,right,38,100
61,right,39,109
61,right,40,167
61,right,41,133
61,right,42,96
61,right,43,121
61,right,44,219
61,right,45,78
61,right,46,119
61,right,47,203
61,right,48,104
61,right,49,106
61,right,50,121
61,right,51,120
61,right,52,105
61,right,53,120
61,right,54,181
61,right,55,82
61,right,56,89
61,right,57,122
61,right,58,81
61,right,59,84
61,right,60,96
61,right,61,81
61,right,62,111
61,right,63,109
62,right,0,114
62,right,1,114
62,right,2,105
62,right,3,185
62,right,4,104
62,right,5,138
62,right,6,113
62,right,7,107
62,right,8,103
62,right,9,109
62,right,10,86
62,right,11,91
62,right,12,153
62,right,13,76
62,right,14,119
62,right,15,98
62,right,17,92
62,right,18,120
62,right,19,135
62,right,20,145
62,right,21,128
62,right,22,138
62,right,23,133
62,right,24,126
62,right,25,112
62,right,27,178
62,right,28,91
62,right,29,84
62,right,30,163
62,right,31,200
62,right,33,108
62,right,35,120
62,right,36,116
62,right,37,100
62,right,38,180
62,right,39,112
62,right,40,108
62,right,41,130
62,right,42,100
62,right,43,83
62,right,44,127
62,right,45,62
62,right,46,178
62,right,47,78
62,right,48,35
62,right,49,112
62,right,51,58
62,right,52,184
62,right,53,152
62,right,54,110
62,right,55,148
62,right,56,130
62,right,57,129
63,right,0,116
63,right,1,115
63,right,2,125
63,right,3,110
63,right,4,103
63,right,5,109
63,right,6,116
63,right,7,128
63,right,8,141
63,right,9,119
63,right,10,103
63,right,11,104
63,right,12,144
63,right,13,124
63,right,14,131
63,right,15,120
63,right,16,144
63,right,17,136
63,right,18,112
63,right,19,116
63,right,20,133
63,right,21,124
63,right,22,138
63,right,23,123
63,right,24,117
63,right,25,138
63,right,26,134
63,right,27,160
63,right,28,127
63,right,29,187
63,right,30,152
63,right,31,163
63,right,32,150
63,right,33,117
63,right,34,151
63,right,35,155
63,right,36,137
63,right,37,133
63,right,38,121
63,right,39,144
63,right,40,153
63,right,41,124
63,right,42,130
63,right,43,122
63,right,44,123
63,right,45,118
63,right,46,113
63,right,47,125
63,right,48,177
63,right,49,150
63,right,50,130
63,right,51,122
63,right,52,141
63,right,53,181
63,right,54,136
63,right,55,161
63,right,56,148
63,right,57,140
63,right,58,136
63,right,59,115
63,right,60,144
63,right,61,193
63,right,62,148
63,right,63,115
64,right,0,117
64,right,1,111
64,right,2,66
64,right,3,218
64,right,4,136
64,right,6,96
64,right,7,86
64,right,8,175
64,right,9,152
64,right,10,96
64,right,11,112
64,right,12,88
64,right,13,104
64,right,14,68
64,right,15,69
64,right,16,81
64,right,17,135
64,right,18,58
64,right,19,144
64,right,20,134
64,right,21,112
64,right,22,74
64,right,23,190
64,right,24,99
64,right,25,86
64,right,26,78
64,right,27,38
64,right,28,54
64,right,29,46
64,right,30,88
64,right,31,86
64,right,32,75
64,right,33,62
64,right,34,68
64,right,35,142
64,right,36,96
64,right,38,50
64,right,39,113
64,right,40,83
64,right,41,185
64,right,42,131
64,right,43,195
64,right,44,102
64,right,45,110
64,right,46,91
64,right,47,122
64,right,48,162
64,right,49,113
64,right,50,50
64,right,51,167
64,right,52,137
64,right,53,138
64,right,54,39
64,right,55,107
64,right,56,139
64,right,57,107
64,right,58,93
64,right,59,107
64,right,60,129
64,right,61,88
64,right,62,100
65,right,0,112
65,right,1,123
65,right,2,181
65,right,4,128
65,right,5,172
65,right,6,146
65,right,7,167
65,right,8,143
65,right,9,134
65,right,10,171
65,right,11,198
65,right,12,136
65,right,13,188
65,right,14,138
65,right,15,152
65,right,16,196
65,right,19,127
65,right,20,74
65,right,21,193
65,right,22,99
65,right,23,124
65,right,24,87
65,right,25,192
65,right,27,129
65,right,28,107
65,right,29,88
65,right,30,128
65,right,31,142
65,right,32,166
65,right,33,137
65,right,34,148
65,right,35,112
65,right,36,152
65,right,37,185
65,right,38,136
65,right,39,177
65,right,40,186
65,right,41,146
65,right,42,182
65,right,44,138
65,right,45,188
65,right,46,160
65,right,47,157
65,right,48,128
65,right,50,127
65,right,51,157
65,right,52,56
65,right,53,138
65,right,55,165
65,right,56,154
65,right,57,147
65,right,58,159
65,right,59,150
65,right,60,126
65,right,61,131
65,right,62,180
65,right,63,153
66,right,0,65
66,right,1,87
66,right,2,100
66,right,3,109
66,right,4,93
66,right,5,104
66,right,6,172
66,right,7,147
66,right,8,104
66,right,9,120
66,right,10,167
66,right,11,177
66,right,12,100
66,right,13,135
66,right,14,129
66,right,15,125
66,right,16,117
66,right,17,146
66,right,18,90
66,right,19,113
66,right,20,149
66,right,21,140
66,right,22,122
66,right,23,108
66,right,24,131
66,right,25,117
66,right,26,35
66,right,27,114
66,right,28,112
66,right,29,131
66,right,30,126
66,right,31,133
66,right,32,111
66,right,33,156
66,right,34,132
66,right,35,138
66,right,36,172
66,right,37,132
66,right,38,139
66,right,39,130
66,right,40,86
66,right,41,187
66,right,42,158
66,right,43,129
66,right,44,113
66,right,45,88
66,right,46,142
66,right,47,154
66,right,48,121
66,right,50,147
66,right,51,141
66,right,52,107
66,right,53,131
66,right,54,116
66,right,55,129
66,right,56,127
66,right,57,172
66,right,58,154
66,right,59,105
66,right,60,110
66,right,61,151
66,right,62,74
66,right,63,162
67,right,0,73
67,right,1,71
67,right,2,103
67,right,3,120
67,right,4,149
67,right,5,125
67,right,6,126
67,right,7,111
67,right,8,120
67,right,9,132
67,right,10,141
67,right,11,126
67,right,13,150
67,right,14,126
67,right,15,127
67,right,16,111
67,right,17,112
67,right,18,115
67,right,19,115
67,right,20,130
67,right,21,139
67,right,22,103
67,right,23,106
67,right,24,139
67,right,25,146
67,right,26,134
67,right,27,116
67,right,28,144
67,right,29,123
67,right,30,125
67,right,31,146
67,right,32,115
67,right,33,159
67,right,34,149
67,right,35,109
67,right,36,133
67,right,37,105
67,right,38,137
67,right,41,97
67,right,42,156
67,right,43,52
67,right,44,129
67,right,45,128
67,right,46,113
67,right,47,136
67,right,48,173
67,right,49,156
67,right,50,186
67,right,51,138
67,right,52,125
67,right,53,120
67,right,54,152
67,right,55,116
67,right,56,184
67,right,58,167
67,right,59,20
67,right,60,140
67,right,61,117
67,right,62,139
67,right,63,158
68,right,0,126
68,right,1,168
68,right,2,159
68,right,3,227
68,right,4,183
68,right,5,196
68,right,6,120
68,right,7,135
68,right,8,163
68,right,9,136
68,right,10,167
68,right,11,178
68,right,12,127
68,right,13,120
68,right,14,184
68,right,15,176
68,right,16,163
68,right,17,197
68,right,18,200
68,right,19,130
68,right,20,165
68,right,21,148
68,right,22,168
68,right,23,182
68,right,24,148
68,right,25,123
68,right,26,215
68,right,27,120
68,right,28,157
68,right,29,198
68,right,30,169
68,right,31,127
68,right,32,101
68,right,33,141
68,right,34,144
68,right,35,140
68,right,37,132
68,right,38,154
68,right,39,118
68,right,40,137
68,right,41,208
68,right,42,120
68,right,43,199
68,right,45,134
68,right,46,148
68,right,47,196
68,right,48,151
68,right,49,67
68,right,50,150
68,right,51,144
68,right,52,192
68,right,53,148
68,right,54,133
68,right,55,200
68,right,57,141
68,right,58,126
68,right,59,108
68,right,60,140
68,right,61,140
68,right,62,188
68,right,63,153
69,right,0,123
69,right,1,118
69,right,2,67
69,right,3,82
69,right,4,69
69,right,5,65
69,right,6,113
69,right,7,165
69,right,8,89
69,right,9,115
69,right,10,101
69,right,11,138
69,right,12,151
69,right,13,98
69,right,14,61
69,right,15,197
69,right,16,120
69,right,17,136
69,right,18,115
69,right,19,79
69,right,20,144
69,right,21,148
69,right,22,172
69,right,23,103
69,right,24,84
69,right,25,113
69,right,26,106
69,right,27,120
69,right,28,96
69,right,29,145
69,right,30,135
69,right,31,203
69,right,32,90
69,right,33,124
69,right,34,192
69,right,35,139
69,right,37,138
69,right,38,161
69,right,39,131
69,right,40,84
69,right,41,106
69,right,42,122
69,right,43,132
69,right,44,104
69,right,45,214
69,right,46,110
69,right,47,105
69,right,48,168
69,right,49,192
69,right,50,76
69,right,51,90
69,right,52,178
69,right,53,201
69,right,54,199
69,right,55,166
69,right,56,188
69,right,57,192
69,right,58,116
69,right,59,94
69,right,60,112
69,right,61,198
69,right,62,138
69,right,63,210
70,right,0,88
70,right,1,146
70,right,2,71
70,right,3,130
70,right,4,172
70,right,5,166
70,right,6,163
70,right,7,160
70,right,8,131
70,right,9,158
70,right,10,151
70,right,11,132
70,right,12,166
70,right,13,144
70,right,14,157
70,right,15,124
70,right,16,147
70,right,17,137
70,right,18,125
70,right,19,153
70,right,20,75
70,right,21,154
70,right,22,133
70,right,23,161
70,right,24,112
70,right,25,144
70,right,26,146
70,right,27,153
70,right,28,153
70,right,29,133
70,right,30,129
70,right,31,148
70,right,32,156
70,right,33,182
70,right,34,150
70,right,35,111
70,right,36,178
70,right,37,106
70,right,38,126
70,right,39,134
70,right,40,132
70,right,41,179
70,right,42,127
70,right,43,179
70,right,44,169
70,right,45,127
70,right,46,161
70,right,47,144
70,right,48,178
70,right,49,137
70,right,50,136
70,right,51,179
70,right,52,175
70,right,53,185
70,right,54,112
70,right,55,136
70,right,56,163
70,right,57,138
70,right,58,131
70,right,59,147
70,right,60,149
70,right,61,164
70,right,62,156
70,right,63,128
71,right,0,96
71,right,1,101
71,right,2,182
71,right,3,133
71,right,4,182
71,right,5,167
71,right,6,136
71,right,7,183
71,right,8,82
71,right,9,174
71,right,10,151
71,right,11,129
71,right,12,112
71,right,13,177
71,right,14,97
71,right,15,113
71,right,16,138
71,right,17,127
71,right,19,167
71,right,20,149
71,right,21,172
71,right,22,173
71,right,23,181
71,right,24,130
71,right,25,175
71,right,26,122
71,right,27,97
71,right,28,110
71,right,29,163
71,right,30,137
71,right,31,167
71,right,32,144
71,right,33,171
71,right,34,160
71,right,35,174
71,right,36,137
71,right,37,144
71,right,38,161
71,right,39,183
71,right,40,191
71,right,41,120
71,right,42,167
71,right,43,151
71,right,44,148
71,right,45,83
71,right,47,157
71,right,48,133
71,right,49,148
71,right,50,129
71,right,51,176
71,right,52,145
71,right,54,115
71,right,55,73
71,right,56,164
71,right,57,158
71,right,58,136
71,right,59,109
71,right,60,162
71,right,62,123
72,right,0,133
72,right,1,94
72,right,2,83
72,right,3,99
72,right,4,114
72,right,6,111
72,right,7,87
72,right,8,90
72,right,9,124
72,right,10,162
72,right,11,132
72,right,12,103
72,right,15,136
72,right,16,136
72,right,17,64
72,right,18,133
72,right,19,72
72,right,20,143
72,right,22,129
72,right,24,127
72,right,25,115
72,right,26,124
72,right,27,139
72,right,28,148
72,right,29,104
72,right,30,172
72,right,31,168
72,right,32,140
72,right,33,144
72,right,34,150
72,right,36,143
72,right,37,129
72,right,38,130
72,right,39,108
72,right,40,130
72,right,41,108
72,right,42,81
72,right,43,109
72,right,44,182
72,right,46,136
72,right,47,106
72,right,48,101
72,right,49,156
72,right,50,166
72,right,51,108
72,right,52,126
72,right,53,110
72,right,54,140
72,right,55,105
72,right,56,108
72,right,57,110
72,right,58,138
72,right,59,72
72,right,60,71
72,right,61,159
73,right,0,138
73,right,2,126
73,right,3,86
73,right,4,87
73,right,5,108
73,right,6,105
73,right,7,88
73,right,8,115
73,right,9,90
73,right,10,122
73,right,11,121
73,right,12,61
73,right,13,97
73,right,14,98
73,right,15,138
73,right,16,87
73,right,17,117
73,right,18,98
73,right,19,129
73,right,20,97
73,right,21,88
73,right,22,90
73,right,23,97
73,right,24,95
73,right,25,93
73,right,26,110
73,right,27,87
73,right,28,128
73,right,29,99
73,right,30,81
73,right,31,114
73,right,32,116
73,right,33,126
73,right,34,131
73,right,35,136
73,right,36,107
73,right,37,115
73,right,38,104
73,right,39,93
73,right,40,93
73,right,41,140
73,right,42,124
73,right,43,172
73,right,44,103
73,right,45,127
73,right,47,104
73,right,48,97
73,right,51,107
73,right,52,113
73,right,53,94
73,right,54,57
73,right,55,119
73,right,57,128
73,right,58,92
73,right,59,102
73,right,60,124
73,right,61,54
73,right,62,113
73,right,63,91
74,right,0,88
74,right,1,74
74,right,2,109
74,right,3,86
74,right,4,120
74,right,5,252
74,right,7,130
74,right,8,89
74,right,9,175
74,right,10,69
74,right,12,91
74,right,13,109
74,right,14,66
74,right,15,95
74,right,16,133
74,right,17,110
74,right,19,104
74,right,20,144
74,right,21,69
74,right,22,129
74,right,23,135
74,right,24,102
74,right,25,104
74,right,26,156
74,right,27,71
74,right,28,115
74,right,29,143
74,right,30,154
74,right,31,96
74,right,32,80
74,right,33,105
74,right,34,99
74,right,35,124
74,right,37,117
74,right,38,167
74,right,39,129
74,right,40,101
74,right,41,91
74,right,42,96
74,right,43,94
74,right,44,108
74,right,45,100
74,right,46,127
74,right,47,88
74,right,48,116
74,right,49,113
74,right,50,117
74,right,51,96
74,right,52,149
74,right,53,142
74,right,55,105
74,right,56,120
74,right,57,132
74,right,58,122
74,right,59,97
74,right,60,100
74,right,61,119
74,right,62,123
74,right,63,110
75,right,0,97
75,right,1,92
75,right,3,83
75,right,4,113
75,right,5,98
75,right,6,106
75,right,7,135
75,right,8,159
75,right,9,112
75,right,10,136
75,right,11,48
75,right,12,112
75,right,13,76
75,right,14,128
75,right,15,132
75,right,17,146
75,right,18,134
75,right,19,143
75,right,20,132
75,right,21,154
75,right,22,169
75,right,23,164
75,right,24,129
75,right,25,139
75,right,26,171
75,right,27,150
75,right,28,158
75,right,29,121
75,right,30,144
75,right,31,153
75,right,32,198
75,right,33,141
75,right,34,151
75,right,35,156
75,right,36,141
75,right,37,142
75,right,38,130
75,right,39,142
75,right,40,134
75,right,41,146
75,right,42,168
75,right,44,215
75,right,45,153
75,right,46,138
75,right,47,136
75,right,48,119
75,right,49,114
75,right,50,129
75,right,51,179
75,right,52,134
75,right,53,146
75,right,54,156
75,right,55,103
75,right,56,132
75,right,57,141
75,right,58,222
75,right,59,156
75,right,60,147
75,right,61,163
75,right,62,174
75,right,63,154
76,right,0,111
76,right,1,115
76,right,2,179
76,right,3,183
76,right,4,175
76,right,5,103
76,right,6,110
76,right,7,165
76,right,8,111
76,right,9,113
76,right,10,172
76,right,11,143
76,right,12,121
76,right,13,176
76,right,15,138
76,right,16,115
76,right,17,130
76,right,18,120
76,right,19,171
76,right,20,70
76,right,21,117
76,right,22,149
76,right,23,174
76,right,24,136
76,right,25,148
76,right,26,152
76,right,27,160
76,right,28,132
76,right,30,162
76,right,31,169
76,right,32,124
76,right,33,151
76,right,34,154
76,right,35,50
76,right,36,157
76,right,37,156
76,right,38,156
76,right,39,172
76,right,40,126
76,right,41,180
76,right,43,125
76,right,44,70
76,right,45,152
76,right,47,153
76,right,49,159
76,right,50,175
76,right,51,84
76,right,54,119
76,right,56,148
76,right,57,103
76,right,58,159
76,right,60,160
76,right,61,178
76,right,62,153
76,right,63,121
77,right,0,104
77,right,1,88
77,right,2,128
77,right,3,132
77,right,4,133
77,right,5,61
77,right,6,130
77,right,7,150
77,right,8,137
77,right,9,123
77,right,10,168
77,right,11,133
77,right,12,127
77,right,14,118
77,right,15,111
77,right,16,135
77,right,17,111
77,right,18,120
77,right,19,143
77,right,20,138
77,right,21,149
77,right,22,136
77,right,23,134
77,right,24,146
77,right,25,179
77,right,27,146
77,right,28,157
77,right,30,148
77,right,31,133
77,right,32,140
77,right,33,114
77,right,34,128
77,right,35,146
77,right,36,152
77,right,37,147
77,right,38,135
77,right,39,149
77,right,40,139
77,right,41,159
77,right,42,97
77,right,43,165
77,right,44,117
77,right,45,137
77,right,46,134
77,right,47,122
77,right,48,137
77,right,49,113
77,right,50,159
77,right,51,68
77,right,52,135
77,right,53,148
77,right,54,142
77,right,55,137
77,right,56,173
77,right,57,164
77,right,59,143
77,right,60,129
77,right,61,121
77,right,62,148
78,right,0,40
78,right,1,110
78,right,2,132
78,right,3,127
78,right,4,140
78,right,5,121
78,right,6,124
78,right,7,151
78,right,8,163
78,right,9,121
78,right,10,166
78,right,11,173
78,right,12,117
78,right,13,114
78,right,14,55
78,right,15,106
78,right,16,108
78,right,17,200
78,right,18,110
78,right,19,109
78,right,20,174
78,right,22,133
78,right,23,130
78,right,24,99
78,right,25,157
78,right,26,138
78,right,27,187
78,right,28,134
78,right,29,122
78,right,30,108
78,right,31,169
78,right,32,148
78,right,33,156
78,right,34,166
78,right,35,108
78,right,36,113
78,right,37,169
78,right,38,84
78,right,39,168
78,right,40,114
78,right,41,126
78,right,42,121
78,right,43,107
78,right,44,164
78,right,45,94
78,right,46,148
78,right,47,115
78,right,48,147
78,right,49,171
78,right,50,187
78,right,51,120
78,right,52,152
78,right,53,123
78,right,54,173
78,right,55,138
78,right,56,115
78,right,57,141
78,right,58,176
78,right,59,134
78,right,60,143
78,right,61,143
78,right,62,127
78,right,63,154
79,right,0,124
79,right,1,150
79,right,2,140
79,right,3,176
79,right,4,139
79,right,5,154
79,right,6,171
79,right,7,171
79,right,8,164
79,right,9,135
79,right,10,164
79,right,11,135
79,right,12,163
79,right,13,161
79,right,14,135
79,right,15,176
79,right,16,158
79,right,17,161
79,right,18,164
79,right,19,164
79,right,20,49
79,right,21,174
79,right,22,146
79,right,23,183
79,right,24,134
79,right,25,138
79,right,26,164
79,right,27,161
79,right,28,149
79,right,29,158
79,right,30,162
79,right,31,162
79,right,32,191
79,right,33,156
79,right,34,159
79,right,35,155
79,right,36,128
79,right,37,152
79,right,38,133
79,right,39,162
79,right,40,148
79,right,41,173
79,right,42,170
79,right,43,155
79,right,44,142
79,right,45,178
79,right,46,170
79,right,47,159
79,right,48,124
79,right,49,170
79,right,50,177
79,right,51,158
79,right,52,154
79,right,53,134
79,right,54,147
79,right,55,164
79,right,56,165
79,right,57,152
79,right,58,166
79,right,59,160
79,right,60,155
79,right,61,174
79,right,62,189
79,right,63,156
